companyname ,Manufacturers
M/S. AVON CYCLES LTD. G.T. ROAD  DHANDARI KALAN  LUDHIANA(PUNJAB) INDIA,Bicycle  E-Bike & Fitness Equipments
M/S. ANUPAM METAL INDUSTRIES B-6  TEXTILE COLONY INDUSTRIAL AREA- A  LUDHIANA,
M/S. ACCURATE ENGINEERING WORKS DUGRI ROAD  NEAR CANAL BRIDGE LUDHIANA-141013 (PUNJAB) INDIA,Single Spindle Automatic Lathe Machines & CNC Lathe Machines
M/S. ALAMGIR INDUSTRIES D-56  PHASE-V  FOCAL POINT  LUDHIANA -141 010 (PUNJAB) INDIA,All Types of Generators
M/S. AARTI STEELS LTD. G.T.ROAD  MILLER GANJ  LUDHIANA (PUNJAB) INDIA,Steel Manufacturing
M/S. AHUJA INDL. CORPN. E-26  PHASE-IV  FOCAL POINT  LUDHIANA -141 01 0 (PUNJAB) INDIA,Fuel Injection System &Components
M/S. ANAND ISHER AUTO INDS. E-513  PHASE- VI  FOCAL POINT LUDHIANA -141 010 (PUNJAB) INDIA,Auto Parts  Nut & Hot Forged Bolt
M/S. ASHOKA DYEING & FINISHING MILLS (P) LTD. C-133  PHASE-V  FOCAL POINT  LUDHIANA (PUNJAB) INDIA,Dyeing  Printing & Processing of Fabrics
M/S. ADMAN OFFSET PRINTERS 84-B  INDUSTRIAL ESTATE  LUDHIANA (PUNJAB) INDIA,Printed Box Manufacturing
M/S. AAVINDER ENGG. WORKS (REGD.) B XXI-14619  G.T. ROAD  DHOLEWAL  LUDHIANA (PUNJAB)INDIA,All Types of Surface Grinders & Machinery for Automobiles Workshop
M/S. AMAN MACHINE TOOLS PVT. LTD. 51  SECTOR 18  G.T.ROAD  SIRHIND SIDE  MANDI GOBINDGARH- 147 301 (PUNJAB) INDIA,Hot Rolling Mill Plants & Its Parts  Tube Mill
M/S. AUTOM ENGG. CORPN. 793/25  INDL. AREA-B  LUDHIANA (PUNJAB) INDIA,Bicycle Parts
M/S. AZAD INDUSTRIES 6440  ST. NO. 3  NEW JANTA NAGAR B/S A.T.I  SHIMLA PURI  LUDHIANA (PUNJAB) INDIA,Wheel Spanner  L- Type Spanner & Gross Spanner & All kinds of Heat Treatment
M/S. AJIT BROTHERS 349  MOONGPHALI MANDI  GILL ROAD MILLER GANJ  LUDHIANA (PUNJAB) INDIA,Cycle Parts & ERW Tubes
M/S. AARTI METAL PRODUCTS 14-R  INDL. AREA-B  LUDHIANA-141 003 (PUNJAB) INDIA,Steel Furniture  Hospital Steel Furniture and Auto Parts Accessaries
M/S. AKSHAYA RESIN & CHEMICALS 114-B  KITCHLU NAGAR  LUDHIANA (PUNJAB) INDIA,Printing Ink & Chemicals
M/S. ANAND INDUSTRIES 688  INDL. AREA-B  LUDHIANA (PUNJAB)INDIA,Bright Bar & OE Auto Parts
M/S. AMT INTERNATIONAL P.O.BOX-66  G.T. ROAD SIRHIND SIDE  MANDI GOBINDGARH (PUNJAB) INDIA,E.O.T Cranes & Steel Rolling Mill Plants
M/S. AUTOLIFE ENGINEERS (REGD.) 22-23  NEW CYCLE MARKET  GILL ROAD  LUDHIANA (PUNJAB) INDIA,Motor Parts  Tractor Parts & Fasteners
M/S. APAN (INDIA) EXPORTS B-7  J.K. LANE  BHAI HIMMAT SINGH NAGAR  DUGRI  LUDHIANA -141 006 PUNJAB) INDIA,Diesel Engine Generator & C. I Casting